country,beach_location_name,accommodation_name,rating_out_of_5_,fee_usd_night_,review_date,written_review
Turks and Caicos,Grace Bay Beach,Amanyara,4.9,"$1,800 ",2025-11-20,Impossibly white sand and water so blue it looks like a paintingabsolute Caribbean perfection!
Portugal,Praia da Falsia (Algarve),"Pine Cliffs Hotel, a Luxury Collection",4.7,$410 ,2025-10-15,"The dramatic golden cliffs meet the azure Atlantic in a stunning, unforgettable vista."
Mexico,Tulum Beach,Be Tulum Hotel,4.5,$650 ,2025-12-01,"Chic, bohemian luxury right on the white sands, perfect for a spiritual and stylish escape."
Philippines,El Nido (Palawan),Amanpulo,4.8,"$2,000 ",2025-11-12,No review written.
South Africa,Boulders Beach (Cape Town),Tintswalo at Boulders Beach,4.8,$580 ,2025-10-05,Sharing the sand with African Penguins makes this an incredibly unique and delightful experience!
Greece,Elafonisi Beach (Crete),Elafonisi Resort by Kalomirakis Family,4.3,$150 ,2025-09-28,The faint pink sand and shallow turquoise lagoon are truly magical and serene.
Colombia,Tayrona National Park,Ecohabs Tequendama (Inside Park),4.2,$250 ,2025-10-22,"Rugged coast, jungle vibes, and hammocks for sleepingnature's luxury at its finest!"
Australia,Hyams Beach (NSW),The Hyams Beach Seaside Cottages,4.6,$320 ,2025-12-08,No review written.
New Zealand,Koekohe Beach,Moeraki Village Holiday Park,4.1,$95 ,2025-11-03,"Fascinatingly round Moeraki Boulders scattered on the beach create an alien, beautiful landscape."
Iceland,Djpalnssandur Beach,Hotel Hellnar,4.0,$210 ,2025-11-26,Eerie and fascinating black pebble beach with iron remnants of a shipwreck and incredible rock formations.  ship
Albania,Jale Beach,Folie Marine Luxury Hotel & Resort,4.4,$185 ,2025-11-14,A stunning hidden bay on the Albanian Riviera with clear Ionian water and vibrant nightlife.
Italy,Spiaggia dei Conigli (Lampedusa),Hotel Falco Azzurro,4.5,$180 ,2025-09-08,Crystal-clear water for swimming and a tranquil atmosphere perfect for escaping the crowds.
Madagascar,Nosy Iranja,Princesse Bora Lodge & Spa,4.6,$420 ,2025-11-23,"The sandbar connecting the two islands at low tide is a breathtaking, unforgettable sight."
Anguilla,Maundays Bay,Belmond Cap Juluca,4.9,"$1,200 ",2025-12-06,No review written.
Japan,Yonaha Maehama Beach (Miyako),Shigira Bayside Suite Allamanda,4.4,$350 ,2025-10-30,"Seven kilometers of white sand and the calming, deep blue of the Okinawan seapure tranquility."
Mozambique,Benguerra Island,Kisawa Sanctuary,5.0,"$6,000+",2025-11-29,Cutting-edge design blended seamlessly with the wilderness for a deeply restorative retreat.
Cyprus,Fig Tree Bay (Protaras),Capo Bay Hotel,4.3,$190 ,2025-11-09,"Lovely shallow waters make it perfect for families, with a beautiful little islet to swim to!"
Panama,San Blas Islands,Yandup Island Lodge,4.0,$210 ,2025-10-07,"True rustic paradise managed by the Kuna peoplesimple, authentic, and spectacularly beautiful."
Dominican Rep.,Canto De La Playa (Saona),Hilton La Romana (Bayahibe),4.5,$380 ,2025-11-19,"Remote, unspoiled, and blissfully quiet, this is the postcard image of a Caribbean retreat."
Uruguay,Punta del Este,Fasano Punta del Este,4.6,$550 ,2025-12-04,"Trendy South American beach hub with stunning sunsets and a lively, sophisticated atmosphere."
Tanzania,Nungwi Beach (Zanzibar),Z Hotel Zanzibar,4.4,$290 ,2025-10-27,Amazing views of the Indian Ocean and a vibrant local culture right outside the door.
Aruba,Eagle Beach,Bucuti & Tara Beach Resort,4.8,$590 ,2025-03-12,"Wide, soft white sand and the famous Divi Divi trees offer perfect Caribbean shade."
Oman,Six Senses Zighy Bay,Six Senses Zighy Bay,4.8,"$1,100 ",2025-11-06,Secluded luxury nestled between dramatic mountains and the pristine waters of the Musandam Peninsula.
Vietnam,Phu Quoc,InterContinental Phu Quoc Long Beach,4.6,$230 ,2025-10-10,No review written.
Chile,Via del Mar,Hotel del Mar (Enjoy Viña del Mar),4.3,$160 ,2025-01-11,No review written.
Maldives,Baa Atoll (UNESCO Reserve),Soneva Fushi,5.0,"$3,500 ",2025-07-15,"Barefoot luxury at its best, with amazing marine life and a truly sustainable, magical atmosphere.  eco"
Sri Lanka,Mirissa Beach,Weligama Bay Marriott Resort & Spa,4.5,$170 ,2025-09-17,Perfect spot for watching whales from the shore and enjoying the incredible Sri Lankan tea culture.
Kenya,Diani Beach,Diani Reef Beach Resort & Spa,4.3,$190 ,2025-12-20,"Wide, white sand and palm trees that sway in the gentle Indian Ocean breezepure East African calm!"
France,Plage de Pampelonne (St. Tropez),Hôtel Byblos Saint-Tropez,4.7,$980 ,2025-10-01,"The ultimate French Riviera glamour, mixing chic beach clubs with pure Mediterranean elegance."
Croatia,Hvar Island (Pakleni Islands),Adriana Hvar Spa Hotel,4.6,$280 ,2025-09-05,No review written.
Barbados,Crane Beach,The Crane Resort,4.5,$350 ,2025-11-30,The pinkish sand and dramatic coral cliffs make this beach a Caribbean masterpiece!  cliff
Ireland,Keem Bay (Achill Island),The Achill Cliff House Hotel,4.2,$140 ,2025-10-12,A hidden gem of emerald water surrounded by rugged green mountainswild and absolutely beautiful.
Brazil,Baa do Sancho (Fernando de Noronha),Pousada Zé Maria,4.8,$500 ,2025-11-02,"The best beach in the world, reached by descending a metal ladder through a rock crackworth the climb!"
Tanzania,Mnemba Island (Zanzibar),&Beyond Mnemba Island,5.0,"$2,500+",2025-09-21,No review written.
Fiji,Viti Levu (Coral Coast),Outrigger Fiji Beach Resort,4.4,$250 ,2025-09-14,"Warm, welcoming Fijian hospitality and a fantastic lagoon for kids and water sports."
Morocco,Essaouira Beach,Sofitel Essaouira Mogador Golf & Spa,4.3,$210 ,2025-10-10,"Wind-swept beach perfect for kite-surfing, with a cool, artistic town vibe and fresh seafood."
Canada,"Tofino (Long Beach, BC)",Wickaninnish Inn,4.8,$700 ,2025-11-05,"Rugged Pacific coast beauty, famous for storm watching and cozying up by a seaside fire."
China,Sanya Bay (Hainan Island),Sanya Marriott Hotel Dadonghai Bay,4.4,$180 ,2025-12-10,Tropical Chinese paradise with warm water and excellent modern resort facilities.
Germany,Sylt (Westerland Beach),Hotel Stadt Hamburg,4.5,$290 ,2025-09-01,"Charming beach baskets on the North Sea coast and a very chic, European island feel."
Peru,Huanchaco Beach (Trujillo),Hotel Huanchaco International,3.9,$70 ,2025-10-18,"Traditional reed fishing boats (caballitos de totora) make this a unique, historic surf spot."
Egypt,Naama Bay (Sharm El Sheikh),Four Seasons Resort Sharm El Sheikh,4.8,$550 ,2025-08-28,"World-class diving in the Red Sea right off the private jetty, with colorful, vibrant reefs."
Seychelles,Anse Source d'Argent (La Digue),Le Repaire - Boutique Hotel & Restaurant,4.6,$320 ,2025-11-23,"Impossibly beautiful granite boulders frame the shallow, turquoise watersa photographer's dream!"
Dominica,Champagne Reef,Fort Young Hotel,4.1,$160 ,2025-11-29,"The reef floor bubbles with volcanic activity, making it feel like you are swimming in champagne!"
Argentina,Caril Beach (Buenos Aires),Cariló Village Apart Hotel & Spa,4.2,$150 ,2025-12-15,"Peaceful pine forests meet the expansive sand dunes and the cold, vast Atlantic Ocean.  dunes"
Oman,Al Mughsail Beach (Salalah),Al Baleed Resort Salalah by Anantara,4.6,$450 ,2025-10-24,The incredible 'Blowholes' shoot ocean water high into the air during the monsoon season.
Cuba,Varadero Beach,Paradisus Varadero Resort & Spa,4.4,$290 ,2025-09-11,Soft white sand and every shade of blue water you can imaginea truly classic Caribbean resort experience.
Vietnam,Long Beach (Phu Quoc),JW Marriott Phu Quoc Emerald Bay Resort & Spa,4.7,$380 ,2025-12-03,Stunning resort design with beautiful architecture and perfect sunsets over the long stretch of sand.
Malaysia,Perhentian Islands,Bubu Resort,4.3,$120 ,2025-10-03,"Simple, serene, and perfect for diving with turtles and small sharks right off the beach."
French Polynesia,Bora Bora (Motu Piti Aau),Four Seasons Resort Bora Bora,4.9,"$1,600 ",2025-11-20,Overwater bungalow perfection with Mt. Otemanu views and a lagoon that defines blue.
Saint Lucia,Jalousie Beach (Soufriere),"Sugar Beach, a Viceroy Resort",4.8,$990 ,2025-10-15,"Nestled right between the dramatic Pitons, this resort is pure luxury and natural wonder."
Mauritius,Flic-en-Flac Beach,Sugar Beach – A Sun Resort,4.6,$350 ,2025-03-11,"Gorgeous sunsets over the vast Indian Ocean and a calm, protected swimming area."
Israel,Hilton Beach (Tel Aviv),Hilton Tel Aviv,4.4,$300 ,2025-12-08,No review written.
Curacao,Cas Abao Beach,Cas Abao Beach Bungalows,4.2,$150 ,2025-05-10,"Excellent snorkeling right from the shore on this small, pristine, and well-maintained cove."
Tonga,Eua National Park Beach,Tongan Beach Resort,3.9,$90 ,2025-11-16,Remote Pacific island feel with incredibly welcoming locals and a focus on nature.
Samoa,Lalomanu Beach,Aga Reef Resort,4.3,$200 ,2025-10-29,Relaxing open-air fales on a stunning lagoon perfect for kayaking and total tranquility.
Ireland,Coumeenoole Beach (Dingle),Dunquin House B&B,4.5,$110 ,2025-09-19,Dramatic cliffs and wild Atlantic waves near the scenic Slea Head Drivetrue Irish beauty!
Montenegro,Sveti Stefan,Aman Sveti Stefan,4.9,"$1,500 ",2025-08-22,Staying on the exclusive fortified island is like stepping back into a medieval luxury fantasy.
Kenya,Watamu Beach,Hemingways Watamu,4.7,$380 ,2025-11-09,"Famous for its marine park, this quiet beach is great for dolphin spotting and deep-sea fishing."
Peru,Mancora,Kichic Ecolodges,4.1,$180 ,2025-12-01,"Great northern surfing spot with laid-back vibes and beautiful, eco-friendly lodging."
Estonia,Haapsalu Beach,Hestia Hotel Haapsalu Spa,4.0,$120 ,2025-08-10,"A shallow, family-friendly beach on the Baltic Sea known for its therapeutic mud."
Yemen,Qalansiya Beach (Socotra),Simple Eco-Lodge/Camping,3.5,$50 ,2025-11-11,"The unique, alien landscape of Socotra meets the ocean in a stunning, untouched environment."
Honduras,West Bay Beach (Roatn),Grand Roatán Caribbean Resort,4.5,$270 ,2025-10-04,Easy access to the second-largest barrier reef in the world makes this a diver's dream!
Vanuatu,Champagne Beach,Lonnoc Beach Bungalows,4.2,$80 ,2025-10-14,"The sand hisses when you walk on it, and the bay is perfectly shaped like a champagne flute."
Brazil,Jericoacoara (Jeri),Hotel Hurricane Jeri,4.6,$290 ,2025-04-12,"Famous for its windsurfing, massive dunes, and stunning sunset views from the beach."
Tunisia,Sousse Beach,Movenpick Resort & Marine Spa Sousse,4.3,$160 ,2025-09-25,A bustling Mediterranean beach resort with great pools and easy access to historic sites.
Aruba,Palm Beach,"The Ritz-Carlton, Aruba",4.7,$700 ,2025-12-06,"Wide beach perfect for watersports, with excellent dining and signature Ritz-Carlton service."
Vietnam,An Bang Beach (Hoi An),The Mansion Hoi An,4.4,$110 ,2025-10-18,"Charming, relaxed beach town vibe just a short bike ride from the ancient lantern city of Hoi An."
Singapore,Palawan Beach (Sentosa),Capella Singapore,4.8,$850 ,2025-11-27,Luxurious escape on Sentosa with beautiful grounds and quiet man-made beaches.
Haiti,Labadee,Haiti's Private Resort Area,,,2025-11-02,"Gated, pristine cove often visited by cruise ships, offering thrilling zip lines over the water."
Iceland,Slheimasandur (Plane Wreck),Hótel Skógafoss,4.0,$190 ,2025-11-15,"Not for swimming, but the iconic black sand and the DC-3 plane wreck make a surreal trek!"
Portugal,Nazare Beach,Hotel Mar Bravo,4.2,$130 ,2025-12-07,Home to the world's biggest waves in wintera dramatic sight for surf enthusiasts!
Sweden,Tylsand Beach (Halmstad),Hotel Tylösand,4.5,$220 ,2025-08-05,"A long, beautiful stretch of white sand on the west coast, known for its fun summer beach clubs."
Finland,Yyteri Beach (Pori),Yyteri Hotel & Spa,4.1,$140 ,2025-08-18,"One of the largest sand dune areas in the Nordics, offering a great Baltic Sea experience."
Costa Rica,Playa Manuel Antonio,Tulemar Resort,4.8,$550 ,2025-12-11,"White sand, lush jungle, and friendly monkeys that greet you right outside your doorpure Pura Vida!"
Bulgaria,Sozopol Beach,Hotel Selena,4.1,$90 ,2025-08-15,"Charming old town vibe next to the Black Sea, offering great value and unique Eastern European culture."
Taiwan,Kenting National Park Beaches,Chateau Beach Resort Kenting,4.3,$170 ,2025-10-25,"Taiwan's tropical south offers warm water, great diving, and vibrant night markets nearby."
Venezuela,Los Roques (Cayo de Agua),Posada Caracol,4.5,$280 ,2025-12-02,"The most remote, dazzling white sandbars in the Caribbean, reached only by a short boat trip."
Gibraltar (UK),Catalan Bay,Catalan Bay Suite,4.3,$180 ,2025-10-10,"A small, colorful fishing village nestled at the base of the Rock of Gibraltar with a Spanish feel."
Nigeria,Tarkwa Bay Beach (Lagos),Eko Hotel & Suites,3.9,$140 ,2025-12-05,"A boat trip away from the bustle of Lagos, offering a lively local beach experience and surfing."
Ghana,Busua Beach,Busua Beach Resort,4.0,$110 ,2025-10-20,"Great place to relax on the Atlantic coast, learn to surf, and enjoy the West African hospitality."
Croatia,Myrtos Beach (Kefalonia),Emelisse Nature Resort,4.7,$380 ,2025-09-15,The stunning white pebbles contrast perfectly with the deep sapphire-blue Ionian Sea.
Greece,Mykonos (Psarou Beach),Nammos Village,4.8,"$1,200 ",2025-08-25,"The most exclusive spot in the Cyclades, combining glamorous beach clubs with high-end dining."
Panama,Bocas del Toro (Red Frog Beach),Red Frog Beach Island Resort,4.1,$240 ,2025-11-06,"Isolated tropical islands with rain forest trails and tiny, brightly colored red frogs!"
Norway,Kvalvika Beach (Lofoten),Tind Rorbuer (Fisherman's Cabin),4.6,$250 ,2025-07-28,"A stunning beach surrounded by towering Arctic mountains, accessible only by a challenging hike."
South Korea,Haeundae Beach (Busan),Paradise Hotel Busan,4.5,$220 ,2025-10-29,"A massive, bustling urban beach framed by towering skyscrapers and vibrant city life."
Uruguay,Cabo Polonio,La Posada de Cabo Polonio,3.8,$80 ,2025-12-15,"No electricity or roads, just vast dunes, a lighthouse, and sea lionsa truly rustic escape."
Russia,Vityaz Bay (Primorsky Krai),Marine Resort Gornostay,3.7,$70 ,2025-08-01,"Remote Russian Far East coast with clear water, surrounded by mountains and unique nature."
Jordan,Aqaba South Beach,Mövenpick Resort & Residences Aqaba,4.4,$200 ,2025-11-22,No review written.
Ecuador,Puerto Lopez (Isla de la Plata),Hostería del Puerto,4.0,$95 ,2025-02-10,"The ""Poor Man's Galapagos"" for whale watching and viewing blue-footed boobies near the coast."
Northern Ireland (UK),Giant's Causeway,The Causeway Hotel,4.3,$160 ,2025-09-01,"Not a sand beach, but the 40,000 hexagonal basalt columns make it a geological coastal marvel!"
India,Varkala Beach (Kerala),The Gateway Varkala - IHCL SeleQtions,4.2,$130 ,2025-11-19,"Dramatic red cliffs overlook the Arabian Sea, perfect for yoga and sunset views."
Cuba,Cayo Santa Mara,Royalton Cayo Santa Maria,4.4,$320 ,2025-12-09,"Gorgeous, remote keys with calm water and beautiful all-inclusive resorts built over the ocean."
Peru,Punta Sal,Decameron Punta Sal,4.1,$180 ,2025-10-26,"Northern Peru's sunniest beach, known for dolphin and humpback whale sightings in the Pacific."
Kenya,Malindi Beach,Diamonds Dream of Africa,4.5,$270 ,2025-11-30,"Italian-influenced coastal town with a rich history and clear, warm waters for swimming."
Belgium,Ostend Beach,Hotel Princess,4.0,$140 ,2025-08-12,"A long, bustling city beach on the North Sea with sandcastles and classic Belgian fries!"
Saint Martin (Fr/Neth),Maho Beach,Sonesta Ocean Point Resort,4.3,$450 ,2025-12-14,"The famous beach where jets land right over your headan unparalleled, noisy photo opportunity!"
Cambodia,Koh Rong,Secret Inn,4.8,$590 ,2025-12-03,Loved the beach access and friendly staff  ! Rooms were comfy and super clean .
Thailand,Koh Tao,Grand Bungalow,4.8,"$1,100 ",2025-11-06,"Fair price, short walk to the shore . Bed comfortable; bathroom average  ."
Philippines,Boracay,Mountain Bungalow,4.6,$230 ,2025-10-10,"Location is nice, yet cleanliness could improve . Mosquitos at night  and slow checkin ."
Indonesia,Gili Trawangan,Sunset Suites,4.3,$160 ,2025-11-01,Family had a blast; pool and kids area were spot on  . Steps from the sand .
Indonesia,Seminyak,Turtle Suites,5.0,"$3,500 ",2025-12-10,Family had a blast; pool and kids area were spot on  . Steps from the sand .
Singapore,Sentosa,Grand Bungalow,4.5,$170 ,2025-11-25,"Solid midrange choice nothing fancy, but clean and convenient  ."
Thailand,Koh Phangan,Golden Villa,4.3,$190 ,2025-10-18,Overpriced for what you get . Shower pressure low and WiFi spotty  .
Timor-Leste (East Timor),Dili,Ocean Inn,4.7,$980 ,2025-09-02,Family had a blast; pool and kids area were spot on  . Steps from the sand .
Laos,Don Det,Golden Hostel,4.6,$280 ,2025-08-15,"Great beach, but room upkeep needs work . AC struggled and some noise issues  ."
Singapore,HarbourFront,Paradise Hostel,4.5,$350 ,2025-11-04,No review written.
Timor-Leste (East Timor),Atauro Island,Royal Bungalow,4.2,$140 ,2025-10-01,Family had a blast; pool and kids area were spot on  . Steps from the sand .
Indonesia,Uluwatu,Mountain Hotel,4.8,$500 ,2025-12-05,Beautiful vibe with island charm . Housekeeping was on point and service was warm  .
Cambodia,Kampot,Turtle Inn,5.0,"$2,500+",2025-11-28,Amazing locationsunsets were unreal . Great value and tasty breakfast  .
Laos,Savannakhet,Sunset Hotel,4.4,$250 ,2025-10-09,"Decent stay near the beach . Room was fine, could use a refresh . Good for quick trips ."
Brunei,Jerudong,Turtle Inn,4.3,$210 ,2025-11-14,Amazing locationsunsets were unreal . Great value and tasty breakfast  .
Brunei,Muara,Ocean Inn,4.8,$700 ,2025-12-07,Loved the beach access and friendly staff  ! Rooms were comfy and super clean .
Cambodia,Sihanoukville,Hidden Inn,4.4,$180 ,2025-10-23,Loved the beach access and friendly staff  ! Rooms were comfy and super clean .
Thailand,Pattaya,Blue Villa,4.5,$290 ,2025-09-05,"Perfect getaway: quiet nights, clear water, and fast WiFi  . Will come back!"
Laos,Si Phan Don,Ocean Bungalow,3.9,$70 ,2025-11-01,"Perfect getaway: quiet nights, clear water, and fast WiFi  . Will come back!"
Indonesia,Kuta,Paradise Villa,4.8,$550 ,2025-10-16,Beautiful vibe with island charm . Housekeeping was on point and service was warm  .
Indonesia,Canggu,Golden Hotel,4.6,$320 ,2025-12-02,No review written.
Timor-Leste (East Timor),Atauro Island,Turtle Inn,4.1,$160 ,2025-11-13,"Decent stay near the beach . Room was fine, could use a refresh . Good for quick trips ."
Indonesia,Lombok,Golden Hotel,4.2,$150 ,2025-12-08,"Perfect getaway: quiet nights, clear water, and fast WiFi  . Will come back!"
Brunei,Bandar Seri Begawan,Ocean Resort,4.6,$450 ,2025-10-25,Loved the beach access and friendly staff  ! Rooms were comfy and super clean .
Vietnam,Nha Trang,Blue Resort,4.4,$290 ,2025-11-07,"Could be better: dated interiors, occasional maintenance problems   ."
Myanmar (Burma),Ngwe Saung,Golden Villa,4.7,$380 ,2025-10-21,"Great beach, but room upkeep needs work . AC struggled and some noise issues  ."
Singapore,HarbourFront,Sunset Hotel,4.3,$120 ,2025-09-30,Beautiful vibe with island charm . Housekeeping was on point and service was warm  .
Malaysia,Tioman,Cozy Hostel,4.0,$210 ,2025-11-17,Nice location but you can hear some noise at night . Breakfast okay and staff helpful  .
Vietnam,Hoi An,Blue Lodge,4.6,$350 ,2025-11-03,Loved the beach access and friendly staff  ! Rooms were comfy and super clean .
Indonesia,Uluwatu,Palm Hotel,4.4,$300 ,2025-12-08,Loved the beach access and friendly staff  ! Rooms were comfy and super clean .
Malaysia,Kota Kinabalu,Turtle Inn,4.2,$150 ,2025-10-05,"Great beach, but room upkeep needs work . AC struggled and some noise issues  ."
Myanmar (Burma),Chaung Tha,Hidden Lodge,3.9,$90 ,2025-11-16,"Solid midrange choice nothing fancy, but clean and convenient  ."
Brunei,Muara,Secret Inn,4.3,$200 ,2025-10-29,Nice location but you can hear some noise at night . Breakfast okay and staff helpful  .
Philippines,Panglao,Cozy Resort,4.5,$110 ,2025-09-19,"Perfect getaway: quiet nights, clear water, and fast WiFi  . Will come back!"
Vietnam,Phu Quoc,Turtle Inn,4.9,"$1,500 ",2025-08-22,Amazing locationsunsets were unreal . Great value and tasty breakfast  .
Indonesia,Lombok,Turtle Inn,4.7,$380 ,2025-11-09,Amazing locationsunsets were unreal . Great value and tasty breakfast  .
Indonesia,Canggu,Royal Hotel,4.2,$80 ,2025-10-14,"Perfect getaway: quiet nights, clear water, and fast WiFi  . Will come back!"
Thailand,Koh Tao,Ocean Hostel,4.6,$290 ,2025-12-04,"Perfect getaway: quiet nights, clear water, and fast WiFi  . Will come back!"
Cambodia,Kep,Grand Suites,3.5,$50 ,2025-11-11,"Great beach, but room upkeep needs work . AC struggled and some noise issues  ."
Singapore,HarbourFront,Hidden Villa,4.5,$270 ,2025-10-04,Amazing locationsunsets were unreal . Great value and tasty breakfast  .
Laos,Savannakhet,Royal Hostel,4.3,$160 ,2025-09-25,Family had a blast; pool and kids area were spot on  . Steps from the sand .
Laos,Savannakhet,Royal Hostel,4.7,$700 ,2025-12-06,Overpriced for what you get . Shower pressure low and WiFi spotty  .
Brunei,Serasa,Royal Hostel,4.4,$110 ,2025-10-18,"Solid midrange choice nothing fancy, but clean and convenient  ."
